{
  "project_info": {
    "project_number": "632909406661",
    "firebase_url": "https://apagambarnya-bb314.firebaseio.com",
    "project_id": "apagambarnya-bb314",
    "storage_bucket": "apagambarnya-bb314.appspot.com"
  },
  "client": [
    {
      "client_info": {
        "mobilesdk_app_id": "1:632909406661:android:6acb8486478ac2e8",
        "android_client_info": {
          "package_name": "com.example.mobile.apagambarnya"
        }
      },
      "oauth_client": [
        {
          "client_id": "632909406661-np0ak1gkfgfb8oqqkp0m3lfml7r735e3.apps.googleusercontent.com",
          "client_type": 1,
          "android_info": {
            "package_name": "com.example.mobile.apagambarnya",
            "certificate_hash": "16793d31cdcd8abe42d06c11a15047fe1b7d9298"
          }
        },
        {
          "client_id": "632909406661-hb2u0bsup9v67qd1at5uu5lnm642hk6o.apps.googleusercontent.com",
          "client_type": 3
        }
      ],
      "api_key": [
        {
          "current_key": "AIzaSyCRg1gJlwuTYF-wKzxc333b2pUiYwjGDts"
        }
      ],
      "services": {
        "analytics_service": {
          "status": 1
        },
        "appinvite_service": {
          "status": 2,
          "other_platform_oauth_client": [
            {
              "client_id": "632909406661-hb2u0bsup9v67qd1at5uu5lnm642hk6o.apps.googleusercontent.com",
              "client_type": 3
            }
          ]
        },
        "ads_service": {
          "status": 2
        }
      }
    }
  ],
  "configuration_version": "1"
}